"","Mean","Median","Mode","ESS","HDImass","HDIlow","HDIhigh","CompVal","PcntGtCompVal","ROPElow","ROPEhigh","PcntLtROPE","PcntInROPE","PcntGtROPE"
"theta[1]",0.152203380094238,0.14765077309865,0.134575142658479,9875.4,0.95,0.0607635465311039,0.257587514527069,0.5,0,0.45,0.55,100,0,0
"theta[2]",0.410366273415887,0.40915449793402,0.402636958151236,10000,0.95,0.289057353017129,0.542331072421818,0.5,8.47,0.45,0.55,72.77,25.5,1.73
"theta[3]",0.739417343575071,0.741405794573564,0.740177199987829,10000,0.95,0.639851156462966,0.837142405126874,0.5,100,0.45,0.55,0,0,100
"theta[1]-theta[2]",-0.258162893321649,-0.259529407895218,-0.272678937373572,10000,0.95,-0.415667239938306,-0.0933186923194408,0,0.09,NA,NA,NA,NA,NA
"theta[1]-theta[3]",-0.587213963480833,-0.590605446375729,-0.597337098872358,9527.4,0.95,-0.722608844441865,-0.441547647065802,0,0,NA,NA,NA,NA,NA
"theta[2]-theta[3]",-0.329051070159184,-0.329742764477533,-0.331544274164632,10000,0.95,-0.484550378784758,-0.167158839793291,0,0.01,NA,NA,NA,NA,NA
