"","Mean","Median","Mode","ESS","HDImass","HDIlow","HDIhigh","CompVal","PcntGtCompVal","ROPElow","ROPEhigh","PcntLtROPE","PcntInROPE","PcntGtROPE"
"theta[1]",0.151360544443257,0.146810967070989,0.142396460096604,9455.9,0.95,0.0584131756505334,0.25450625544628,0.5,0,0.45,0.55,100,0,0
"theta[2]",0.411201264567479,0.409785232761778,0.406912176098958,10000,0.95,0.282362330513333,0.539991943579457,0.5,9.47,0.45,0.55,71.83,26.09,2.08
"theta[3]",0.739756823883261,0.741167080807465,0.74194588554659,10000,0.95,0.646588403472274,0.845344568098402,0.5,100,0.45,0.55,0,0.0499999999999972,99.95
"theta[1]-theta[2]",-0.259840720124223,-0.260420648240242,-0.260692542653561,10000,0.95,-0.426381719414437,-0.0955835399611584,0,0.12,NA,NA,NA,NA,NA
"theta[1]-theta[3]",-0.588396279440005,-0.592120928542926,-0.606410980884535,10000,0.95,-0.725707437504258,-0.442074014094234,0,0,NA,NA,NA,NA,NA
"theta[2]-theta[3]",-0.328555559315782,-0.330949676614835,-0.338269796463267,10000,0.95,-0.489609742374283,-0.161119206976644,0,0,NA,NA,NA,NA,NA
